"first sample","second sample","third sample (min)"
0.0580260753631592,4.89498686790466,8.20218221743901
0.0252928733825684,2.61848902702332,4.40269026756287
0.0747849941253662,7.32735395431519,12.5299603303274
